{"cameraMode":{"drawMode":0,"name":"Shaded","section":"Shading Mode"},"sceneLighting":true,"audioPlay":false,"sceneViewState":{"showFog":true,"showMaterialUpdate":false,"showSkybox":true,"showFlares":true,"showImageEffects":true,"showParticleSystems":true},"in2DMode":false,"pivot":{"x":-4.3309855461120609,"y":-6.37755012512207,"z":-5.661969184875488},"rotation":{"x":0.10603396594524384,"y":-0.8873111605644226,"z":0.36973193287849429,"w":0.2544696033000946},"size":9.445124626159668,"orthographic":false}